filename,predicted_age
0.JPG,29
1.JPG,22
10.JPG,27
100.JPG,38
101.JPG,42
102.JPG,47
103.JPG,50
104.JPG,43
105.JPG,35
106.JPG,39
107.JPG,30
108.JPG,31
109.JPG,47
11.JPG,38
110.JPG,33
111.JPG,29
112.JPG,41
113.JPG,39
114.JPG,38
115.JPG,37
116.JPG,23
117.JPG,22
118.JPG,42
119.JPG,37
12.JPG,36
120.JPG,53
121.JPG,42
122.JPG,39
123.JPG,43
124.JPG,37
125.JPG,34
126.JPG,48
127.JPG,39
128.JPG,48
129.JPG,27
13.JPG,37
130.JPG,36
131.JPG,27
132.JPG,36
133.JPG,41
134.JPG,25
135.JPG,38
136.JPG,40
137.JPG,31
138.JPG,48
139.JPG,51
14.JPG,41
140.JPG,46
141.JPG,35
142.JPG,33
143.JPG,36
144.JPG,38
145.JPG,28
146.JPG,29
147.JPG,38
148.JPG,22
149.JPG,40
15.JPG,30
150.JPG,28
151.JPG,27
152.JPG,33
153.JPG,38
154.JPG,34
155.JPG,22
156.JPG,36
157.JPG,38
158.JPG,40
159.JPG,24
16.JPG,42
160.JPG,38
161.JPG,40
162.JPG,35
163.JPG,31
164.JPG,21
165.JPG,36
166.JPG,19
167.JPG,24
168.JPG,31
169.JPG,31
17.JPG,36
170.JPG,35
171.JPG,36
172.JPG,38
173.JPG,28
174.JPG,33
175.JPG,22
176.JPG,26
177.JPG,34
178.JPG,39
179.JPG,43
18.JPG,34
180.JPG,46
181.JPG,39
182.JPG,27
183.JPG,37
184.JPG,20
185.JPG,31
186.JPG,36
187.JPG,31
188.JPG,31
189.JPG,41
19.JPG,46
190.JPG,37
191.JPG,22
192.JPG,45
193.JPG,23
194.JPG,38
195.JPG,30
196.JPG,36
197.JPG,37
198.JPG,27
199.JPG,27
2.JPG,28
20.JPG,34
21.JPG,39
22.JPG,29
23.JPG,50
24.JPG,39
25.JPG,19
26.JPG,40
27.JPG,53
28.JPG,45
29.JPG,22
3.JPG,33
30.JPG,22
31.JPG,26
32.JPG,24
33.JPG,45
34.JPG,42
35.JPG,29
36.JPG,51
37.JPG,22
38.JPG,25
39.JPG,30
4.JPG,42
40.JPG,33
41.JPG,18
42.JPG,36
43.JPG,21
44.JPG,45
45.JPG,42
46.JPG,29
47.JPG,20
48.JPG,32
49.JPG,21
5.JPG,53
50.JPG,43
51.JPG,23
52.JPG,43
53.JPG,28
54.JPG,43
55.JPG,28
56.JPG,20
57.JPG,39
58.JPG,43
59.JPG,44
6.JPG,38
60.JPG,23
61.JPG,28
62.JPG,23
63.JPG,22
64.JPG,41
65.JPG,27
66.JPG,49
67.JPG,19
68.JPG,27
69.JPG,33
7.JPG,29
70.JPG,21
71.JPG,22
72.JPG,31
73.JPG,48
74.JPG,35
75.JPG,40
76.JPG,20
77.JPG,20
78.JPG,23
79.JPG,38
8.JPG,40
80.JPG,23
81.JPG,31
82.JPG,33
83.JPG,23
84.JPG,38
85.JPG,37
86.JPG,26
87.JPG,25
88.JPG,25
89.JPG,29
9.JPG,37
90.JPG,37
91.JPG,26
92.JPG,40
93.JPG,39
94.JPG,46
95.JPG,29
96.JPG,31
97.JPG,49
98.JPG,39
99.JPG,33
